{"cameraMode":{"drawMode":0,"name":"Shaded","section":"Shading Mode"},"sceneLighting":true,"audioPlay":false,"sceneViewState":{"m_AlwaysRefresh":false,"showFog":true,"showSkybox":true,"showFlares":true,"showImageEffects":true,"showParticleSystems":true,"showVisualEffectGraphs":true,"m_FxEnabled":true},"in2DMode":false,"pivot":{"x":-0.4871232509613037,"y":-1.485062599182129,"z":0.5811233520507813},"rotation":{"x":0.041099097579717639,"y":-0.9580943584442139,"z":0.18211407959461213,"w":0.2168986052274704},"size":8.175078392028809,"orthographic":false}