{"cameraMode":{"drawMode":0,"name":"Shaded","section":"Shading Mode"},"sceneLighting":true,"audioPlay":false,"sceneViewState":{"m_AlwaysRefresh":false,"showFog":true,"showSkybox":true,"showFlares":true,"showImageEffects":true,"showParticleSystems":true,"showVisualEffectGraphs":true,"m_FxEnabled":true},"in2DMode":false,"pivot":{"x":-0.6058983206748962,"y":0.11469841003417969,"z":2.1639842987060549},"rotation":{"x":-0.42129430174827578,"y":0.3756944537162781,"z":-0.19741034507751466,"w":-0.8015510439872742},"size":4.809260368347168,"orthographic":false}